{
  "original_point": [
    2.2482373480365507,
    1.0741071495100727
  ],
  "perturbed_point": [
    -0.11247525311001334,
    4.905169145195843
  ],
  "perturbation": [
    -2.360712601146564,
    3.8310619956857703
  ],
  "perturbation_norm": 4.500000000000002,
  "original_decision": 1.4106361751352305,
  "perturbed_decision": -0.03731900800340984
}