{
  "stability_metrics": {
    "n_clusters": 3,
    "noise_points": 44,
    "probabilities": [
      0.9459461259330655,
      1.0,
      1.0,
      1.0,
      1.0,
      0.9816869710094482,
      1.0,
      0.6872030523671325,
      1.0,
      1.0,
      1.0,
      0.8289467775598752,
      1.0,
      0.4334426823886956,
      1.0,
      1.0,
      0.8878463354932372,
      1.0,
      0.3609411235043644,
      1.0,
      1.0,
      1.0,
      1.0,
      0.7824892236730929,
      1.0,
      0.5474568713012035,
      1.0,
      1.0,
      0.8666391344254163,
      1.0,
      0.8878463354932372,
      1.0,
      0.21281962993775144,
      1.0,
      1.0,
      1.0,
      1.0,
      1.0,
      1.0,
      0.7403540950333808,
      0.8303786746784504,
      1.0,
      1.0,
      1.0,
      0.9434399481391091,
      1.0,
      0.30260589162336415,
      0.743815215205363,
      0.5035464671990392,
      1.0,
      1.0,
      0.6542154345446456,
      0.5525947461569717,
      1.0,
      1.0,
      1.0,
      1.0,
      1.0,
      1.0,
      1.0,
      1.0,
      1.0,
      1.0,
      1.0,
      1.0,
      1.0,
      1.0,
      1.0,
      1.0,
      0.818287649195644,
      1.0,
      1.0,
      1.0,
      0.9828625922046301,
      1.0,
      1.0,
      1.0,
      1.0,
      1.0,
      0.43246127196097917,
      1.0,
      0.8878463354932372,
      1.0,
      1.0,
      0.9524424000203603,
      1.0,
      0.6060657914191055,
      1.0,
      1.0,
      1.0,
      1.0,
      1.0,
      1.0,
      1.0,
      1.0,
      1.0,
      1.0,
      1.0,
      1.0,
      1.0,
      1.0,
      1.0,
      0.5955044416672164,
      1.0,
      1.0,
      1.0,
      1.0,
      1.0,
      1.0,
      0.5634017639827081,
      1.0,
      0.4018251860379176,
      1.0,
      0.1828202303420997,
      0.9004064516344433,
      1.0,
      1.0,
      1.0,
      1.0,
      1.0,
      1.0,
      1.0,
      1.0,
      1.0,
      0.6747840788169356,
      1.0,
      1.0,
      1.0,
      1.0,
      0.5362477374176917,
      0.5973486062228924,
      1.0,
      1.0,
      0.865395662043891,
      1.0,
      0.872422904970235,
      1.0,
      1.0,
      1.0,
      1.0,
      1.0,
      1.0,
      1.0,
      1.0,
      1.0,
      1.0,
      1.0,
      1.0,
      1.0,
      1.0,
      1.0,
      1.0,
      1.0,
      1.0,
      1.0,
      1.0,
      1.0,
      0.4023275786373729,
      0.42942085302050464,
      1.0,
      0.7812464909507466,
      1.0,
      1.0,
      1.0,
      0.5035464671990392,
      1.0,
      1.0,
      1.0,
      1.0,
      1.0,
      0.5192906767908955,
      0.8878463354932372,
      1.0,
      0.6425284721189364,
      1.0,
      0.4155940796419632,
      1.0,
      1.0,
      0.8920314377005987,
      1.0,
      1.0,
      0.7502279041358502,
      1.0,
      1.0,
      0.3715797367573887,
      0.8581432005476369,
      1.0,
      1.0,
      0.7529191224272351,
      1.0,
      0.623394230566898,
      1.0,
      1.0,
      0.8581432005476369,
      0.8878463354932372,
      0.5004870113901231,
      1.0,
      1.0,
      0.6977746611817364,
      0.670627150031934,
      0.6669236038762142,
      0.9314096971593926,
      0.0,
      1.0,
      1.0,
      0.8999387723395088,
      0.8587916951661962,
      1.0,
      1.0,
      0.0,
      1.0,
      1.0,
      0.8587916951661962,
      0.72329887220654,
      0.0,
      1.0,
      0.7388028399288151,
      0.8741413403741196,
      1.0,
      1.0,
      0.0,
      1.0,
      1.0,
      0.7439622490432287,
      1.0,
      1.0,
      0.9141222804246066,
      0.0,
      1.0,
      0.8587916951661962,
      1.0,
      0.0,
      0.9141222804246066,
      0.6387004457347479,
      0.0,
      0.0,
      0.0,
      0.0,
      0.9141222804246066,
      0.8587916951661962,
      0.0,
      0.0,
      0.9018906496407044,
      0.8587916951661962,
      0.9141222804246066,
      0.743742221572514,
      1.0,
      1.0,
      0.9499785189164743,
      1.0,
      0.7709876207812427,
      1.0,
      1.0,
      0.861116053882908,
      1.0,
      0.757777636865864,
      0.72329887220654,
      1.0,
      0.0,
      0.8020581025674992,
      0.9167923008589975,
      1.0,
      1.0,
      1.0,
      1.0,
      1.0,
      0.7024675479715028,
      1.0,
      1.0,
      0.0,
      1.0,
      1.0,
      0.9141222804246066,
      0.8020581025674992,
      0.0,
      0.0,
      1.0,
      0.7233264404996533,
      1.0,
      1.0,
      0.0,
      1.0,
      0.0,
      0.11612294272096961,
      0.0,
      0.0,
      0.0,
      0.0,
      0.0,
      0.0,
      0.0,
      0.0,
      0.0,
      0.0,
      0.7517061841422438,
      0.8237657650568521,
      0.0,
      0.0,
      0.0,
      0.0,
      0.9167923008589975,
      0.1605077252787169,
      0.0,
      0.16495880528628795,
      0.0,
      0.8020581025674992,
      0.0,
      0.765266550843341,
      0.6925705872452496,
      1.0,
      1.0,
      0.8200821558840252,
      0.0,
      0.22479405452089085,
      0.0,
      0.29194083534077614,
      0.0,
      1.0,
      0.7830118882526027,
      0.8200821558840252,
      0.7471071176716658,
      0.0,
      1.0,
      0.0,
      0.0,
      1.0,
      0.0,
      0.0,
      0.0,
      0.13838472793358375
    ]
  },
  "epsilon_sweep": [
    {
      "eps": 0.1,
      "clusters": 7
    },
    {
      "eps": 0.16551724137931034,
      "clusters": 3
    },
    {
      "eps": 0.23103448275862068,
      "clusters": 1
    },
    {
      "eps": 0.296551724137931,
      "clusters": 1
    },
    {
      "eps": 0.3620689655172413,
      "clusters": 1
    },
    {
      "eps": 0.4275862068965517,
      "clusters": 1
    },
    {
      "eps": 0.49310344827586206,
      "clusters": 2
    },
    {
      "eps": 0.5586206896551723,
      "clusters": 3
    },
    {
      "eps": 0.6241379310344827,
      "clusters": 3
    },
    {
      "eps": 0.689655172413793,
      "clusters": 3
    },
    {
      "eps": 0.7551724137931034,
      "clusters": 5
    },
    {
      "eps": 0.8206896551724137,
      "clusters": 6
    },
    {
      "eps": 0.886206896551724,
      "clusters": 6
    },
    {
      "eps": 0.9517241379310344,
      "clusters": 5
    },
    {
      "eps": 1.0172413793103448,
      "clusters": 6
    },
    {
      "eps": 1.0827586206896551,
      "clusters": 5
    },
    {
      "eps": 1.1482758620689655,
      "clusters": 5
    },
    {
      "eps": 1.2137931034482758,
      "clusters": 4
    },
    {
      "eps": 1.2793103448275862,
      "clusters": 4
    },
    {
      "eps": 1.3448275862068966,
      "clusters": 3
    },
    {
      "eps": 1.410344827586207,
      "clusters": 3
    },
    {
      "eps": 1.475862068965517,
      "clusters": 2
    },
    {
      "eps": 1.5413793103448274,
      "clusters": 2
    },
    {
      "eps": 1.6068965517241378,
      "clusters": 2
    },
    {
      "eps": 1.6724137931034482,
      "clusters": 2
    },
    {
      "eps": 1.7379310344827585,
      "clusters": 2
    },
    {
      "eps": 1.803448275862069,
      "clusters": 2
    },
    {
      "eps": 1.8689655172413793,
      "clusters": 2
    },
    {
      "eps": 1.9344827586206894,
      "clusters": 2
    },
    {
      "eps": 2.0,
      "clusters": 2
    }
  ]
}